Ê±¼ä,ÎÂ¶È
0.0,25.0
0.1,25.000824
0.2,25.003292
0.3,25.0074
0.4,25.013147
0.5,25.020529
0.6,25.02954
0.7,25.040176
0.8,25.052437
0.9,25.066317
1.0,25.081812
1.1,25.09892
1.2,25.117636
1.3,25.137957
1.4,25.15988
1.5,25.183401
1.6,25.208515
1.7,25.235222
1.8,25.263514
1.9,25.29339
2.0,25.324848
2.1,25.357882
2.2,25.392488
2.3,25.428665
2.4,25.466408
2.5,25.505714
2.6,25.54658
2.7,25.588999
2.8,25.632973
2.9,25.678495
3.0,25.725563
3.1,25.774174
3.2,25.824322
3.3,25.876005
3.4,25.92922
3.5,25.983965
3.6,26.040234
3.7,26.098024
3.8,26.157333
3.9,26.218157
4.0,26.280493
4.1,26.344336
4.2,26.409685
4.3,26.476534
4.4,26.544882
4.5,26.614725
4.6,26.68606
4.7,26.758883
4.8,26.83319
4.9,26.90898
5.0,26.986248
5.1,27.064991
5.2,27.145205
5.3,27.226887
5.4,27.310036
5.5,27.394646
5.6,27.480715
5.7,27.56824
5.8,27.657215
5.9,27.74764
6.0,27.839514
6.1,27.932827
6.2,28.02758
6.3,28.12377
6.4,28.221394
6.5,28.320446
6.6,28.420925
6.7,28.52283
6.8,28.626152
6.9,28.730892
7.0,28.837048
7.1,28.944613
7.2,29.053585
7.3,29.163963
7.4,29.275743
7.5,29.388922
7.6,29.503494
7.7,29.61946
7.8,29.736814
7.9,29.855555
8.0,29.97568
8.1,30.097183
8.2,30.220062
8.3,30.344318
8.4,30.469942
8.5,30.596935
8.6,30.725292
8.7,30.855011
8.8,30.98609
8.9,31.118523
9.0,31.252308
9.1,31.387444
9.2,31.523926
9.3,31.66175
9.4,31.800919
9.5,31.941422
9.6,32.08326
9.7,32.22643
9.8,32.37093
9.9,32.516754
10.0,32.663902
10.1,32.81237
10.2,32.962154
10.3,33.113255
10.4,33.265663
10.5,33.41938
10.6,33.574406
10.7,33.730732
10.8,33.888355
10.9,34.04728
11.0,34.207493
11.1,34.369
11.2,34.531796
11.3,34.695877
11.4,34.861237
11.5,35.02788
11.6,35.195797
11.7,35.36499
11.8,35.535454
11.9,35.707188
12.0,35.880184
12.1,36.054443
12.2,36.22996
12.3,36.40674
12.4,36.58477
12.5,36.76405
12.6,36.94458
12.7,37.126358
12.8,37.309376
12.9,37.493637
13.0,37.67913
13.1,37.865864
13.2,38.05383
13.3,38.243023
13.4,38.43344
13.5,38.625084
13.6,38.81795
13.7,39.01203
13.8,39.207333
13.9,39.403843
14.0,39.601566
14.1,39.800495
14.2,40.000633
14.3,40.20197
14.4,40.404507
14.5,40.608242
14.6,40.813168
14.7,41.01929
14.8,41.226597
14.9,41.435093
15.0,41.64477
15.1,41.855633
15.2,42.067673
15.3,42.280888
15.4,42.495274
15.5,42.710835
15.6,42.92756
15.7,43.14545
15.8,43.364506
15.9,43.584724
16.0,43.806095
16.1,44.028625
16.2,44.252304
16.3,44.477135
16.4,44.703114
16.5,44.930237
16.6,45.158504
16.7,45.38791
16.8,45.618454
16.9,45.850132
17.0,46.08294
17.1,46.31688
17.2,46.55195
17.3,46.78814
17.4,47.025455
17.5,47.26389
17.6,47.503437
17.7,47.744106
17.8,47.98588
17.9,48.22877
18.0,48.472767
18.1,48.71787
18.2,48.964073
18.3,49.211376
18.4,49.459774
18.5,49.70927
18.6,49.95986
18.7,50.21154
18.8,50.464306
18.9,50.7181
19.0,50.97178
19.1,51.224895
19.2,51.477448
19.3,51.72944
19.4,51.980873
19.5,52.231747
19.6,52.482063
19.7,52.731827
19.8,52.981033
19.9,53.22969
20.0,53.47779
20.1,53.72534
20.2,53.972347
20.3,54.2188
20.4,54.464706
20.5,54.710068
20.6,54.954884
20.7,55.199158
20.8,55.44289
20.9,55.68608
21.0,55.92873
21.1,56.17084
21.2,56.412415
21.3,56.653454
21.4,56.893955
21.5,57.133926
21.6,57.37336
21.7,57.612267
21.8,57.85064
21.9,58.088486
22.0,58.3258
22.1,58.56259
22.2,58.79886
22.3,59.0346
22.4,59.269817
22.5,59.504513
22.6,59.738686
22.7,59.97234
22.8,60.205475
22.9,60.438095
23.0,60.670197
23.1,60.901783
23.2,61.132854
23.3,61.363415
23.4,61.59346
23.5,61.822998
23.6,62.052025
23.7,62.280544
23.8,62.508556
23.9,62.736065
24.0,62.963066
24.1,63.18956
24.2,63.415554
24.3,63.64105
24.4,63.86604
24.5,64.09053
24.6,64.31453
24.7,64.538025
24.8,64.761024
24.9,64.98353
25.0,65.20554
25.1,65.42706
25.2,65.64809
25.3,65.86863
25.4,66.08868
25.5,66.308235
25.6,66.527306
25.7,66.74589
25.8,66.96399
25.9,67.1816
26.0,67.398735
26.1,67.61539
26.2,67.83156
26.3,68.04725
26.4,68.26246
26.5,68.477196
26.6,68.69145
26.7,68.905235
26.8,69.11854
26.9,69.331375
27.0,69.54373
27.1,69.75562
27.2,69.96704
27.3,70.17799
27.4,70.38847
27.5,70.59849
27.6,70.80804
27.7,71.01712
27.8,71.22574
27.9,71.43389
28.0,71.64159
28.1,71.84882
28.2,72.055595
28.3,72.26191
28.4,72.467766
28.5,72.673164
28.6,72.878105
28.7,73.082596
28.8,73.28663
28.9,73.49021
29.0,73.69334
29.1,73.89602
29.2,74.09824
29.3,74.300026
29.4,74.50136
29.5,74.70224
29.6,74.90268
29.7,75.10268
29.8,75.30222
29.9,75.501335
30.0,75.7
30.1,75.898224
30.2,76.09601
30.3,76.29335
30.4,76.49026
30.5,76.68673
30.6,76.88276
30.7,77.07836
30.8,77.27352
30.9,77.468254
31.0,77.66255
31.1,77.85642
31.2,78.04986
31.3,78.24287
31.4,78.43545
31.5,78.6276
31.6,78.81932
31.7,79.01063
31.8,79.2015
31.9,79.39195
32.0,79.58198
32.1,79.77158
32.2,79.96078
32.3,80.149536
32.4,80.33789
32.5,80.52582
32.6,80.713326
32.7,80.90042
32.8,81.087105
32.9,81.27337
33.0,81.45922
33.1,81.64466
33.2,81.82969
33.3,82.01431
33.4,82.19852
33.5,82.38232
33.6,82.565704
33.7,82.74869
33.8,82.93127
33.9,83.11344
34.0,83.29521
34.1,83.47657
34.2,83.65754
34.3,83.8381
34.4,84.01826
34.5,84.19801
34.6,84.37737
34.7,84.556335
34.8,84.7349
34.9,84.91307
35.0,85.09084
35.1,85.26823
35.2,85.44521
35.3,85.6218
35.4,85.798004
35.5,85.97381
35.6,86.14923
35.7,86.32426
35.8,86.4989
35.9,86.67316
36.0,86.84702
36.1,87.0205
36.2,87.193596
36.3,87.36631
36.4,87.538635
36.5,87.71058
36.6,87.88214
36.7,88.05333
36.8,88.22413
36.9,88.394554
37.0,88.5646
37.1,88.73427
37.2,88.90356
37.3,89.07247
37.4,89.24101
37.5,89.40918
37.6,89.57697
37.7,89.74439
37.8,89.91144
37.9,90.07812
38.0,90.24443
38.1,90.41037
38.2,90.575935
38.3,90.74114
38.4,90.905975
38.5,91.07045
38.6,91.23455
38.7,91.39829
38.8,91.561676
38.9,91.724686
39.0,91.887344
39.1,92.04964
39.2,92.21156
39.3,92.37314
39.4,92.534355
39.5,92.695206
39.6,92.855705
39.7,93.01585
39.8,93.17564
39.9,93.33507
40.0,93.49415
40.1,93.65287
40.2,93.81125
40.3,93.96927
40.4,94.12694
40.5,94.284256
40.6,94.44123
40.7,94.597855
40.8,94.75413
40.9,94.91006
41.0,95.06564
41.1,95.22088
41.2,95.37577
41.3,95.53032
41.4,95.684525
41.5,95.83839
41.6,95.99191
41.7,96.14509
41.8,96.297935
41.9,96.45043
42.0,96.6026
42.1,96.754425
42.2,96.905914
42.3,97.05706
42.4,97.20788
42.5,97.35836
42.6,97.50851
42.7,97.658325
42.8,97.80781
42.9,97.956955
43.0,98.105774
43.1,98.254265
43.2,98.40242
43.3,98.550255
43.4,98.697754
43.5,98.84493
43.6,98.991776
43.7,99.1383
43.8,99.2845
43.9,99.43037
44.0,99.57592
44.1,99.721146
44.2,99.86604
44.3,100.01063
44.4,100.15489
44.5,100.29883
44.6,100.44245
44.7,100.585754
44.8,100.72874
44.9,100.8714
45.0,101.01375
45.1,101.155785
45.2,101.2975
45.3,101.43891
45.4,101.579994
45.5,101.72077
45.6,101.86124
45.7,102.00139
45.8,102.141235
45.9,102.28076
46.0,102.41998
46.1,102.5589
46.2,102.6975
46.3,102.8358
46.4,102.973785
46.5,103.11147
46.6,103.24885
46.7,103.38592
46.8,103.52269
46.9,103.65915
47.0,103.79531
47.1,103.931175
47.2,104.066734
47.3,104.20199
47.4,104.336945
47.5,104.4716
47.6,104.60596
47.7,104.74002
47.8,104.87378
47.9,105.00725
48.0,105.14042
48.1,105.27329
48.2,105.40587
48.3,105.538155
48.4,105.67014
48.5,105.80184
48.6,105.93325
48.7,106.06436
48.8,106.19518
48.9,106.325714
49.0,106.455956
49.1,106.585915
49.2,106.715576
49.3,106.844955
49.4,106.974045
49.5,107.10285
49.6,107.23137
49.7,107.3596
49.8,107.48755
49.9,107.61521
50.0,107.74259
50.1,107.86969
50.2,107.9965
50.3,108.12304
50.4,108.24929
50.5,108.37526
50.6,108.50095
50.7,108.626366
50.8,108.7515
50.9,108.87636
51.0,109.000946
51.1,109.125244
51.2,109.249275
51.3,109.37303
51.4,109.496506
51.5,109.61971
51.6,109.74264
51.7,109.865295
51.8,109.987686
51.9,110.109795
52.0,110.23164
52.1,110.35321
52.2,110.47452
52.3,110.59555
52.4,110.71632
52.5,110.83681
52.6,110.95704
52.7,111.077
52.8,111.19669
52.9,111.316124
53.0,111.435295
53.1,111.55419
53.2,111.67283
53.3,111.7912
53.4,111.90931
53.5,112.02716
53.6,112.144745
53.7,112.26208
53.8,112.37914
53.9,112.49594
54.0,112.61249
54.1,112.728775
54.2,112.84481
54.3,112.96058
54.4,113.076096
54.5,113.19135
54.6,113.30636
54.7,113.421104
54.8,113.53559
54.9,113.64983
55.0,113.76382
55.1,113.87755
55.2,113.99103
55.3,114.104256
55.4,114.21723
55.5,114.329956
55.6,114.44244
55.7,114.55466
55.8,114.66663
55.9,114.77836
56.0,114.88984
56.1,115.001076
56.2,115.11206
56.3,115.2228
56.4,115.33329
56.5,115.44354
56.6,115.55354
56.7,115.6633
56.8,115.77282
56.9,115.88209
57.0,115.99112
57.1,116.09991
57.2,116.20845
57.3,116.31676
57.4,116.42482
57.5,116.532646
57.6,116.640236
57.7,116.74758
57.8,116.85469
57.9,116.96156
58.0,117.06819
58.1,117.17459
58.2,117.280754
58.3,117.38667
58.4,117.49236
58.5,117.597824
58.6,117.70304
58.7,117.80803
58.8,117.91279
58.9,118.0173
59.0,118.1216
59.1,118.225655
59.2,118.32948
59.3,118.43308
59.4,118.536446
59.5,118.63959
59.6,118.74249
59.7,118.84518
59.8,118.947624
59.9,119.04985
60.0,119.15185
60.1,119.253624
60.2,119.35516
60.3,119.45649
60.4,119.55758
60.5,119.658455
60.6,119.7591
60.7,119.85953
60.8,119.959724
60.9,120.0597
61.0,120.15946
61.1,120.258995
61.2,120.35831
61.3,120.457405
61.4,120.556274
61.5,120.65493
61.6,120.753365
61.7,120.851585
61.8,120.949585
61.9,121.04736
62.0,121.14493
62.1,121.24227
62.2,121.33941
62.3,121.43632
62.4,121.53302
62.5,121.62951
62.6,121.72578
62.7,121.82184
62.8,121.91769
62.9,122.01331
63.0,122.108734
63.1,122.20394
63.2,122.29894
63.3,122.39372
63.4,122.488304
63.5,122.582664
63.6,122.67683
63.7,122.77077
63.8,122.86451
63.9,122.95804
64.0,123.05136
64.1,123.14448
64.2,123.23739
64.3,123.330086
64.4,123.422585
64.5,123.51488
64.6,123.606964
64.7,123.698845
64.8,123.79053
64.9,123.882
65.0,123.973274
65.1,124.06434
65.2,124.15521
65.3,124.24587
65.4,124.33634
65.5,124.426605
65.6,124.51666
65.7,124.60653
65.8,124.69619
65.9,124.78565
66.0,124.87492
66.1,124.96399
66.2,125.05286
66.3,125.14153
66.4,125.23001
66.5,125.31829
66.6,125.40637
66.7,125.49426
66.8,125.581955
66.9,125.66945
67.0,125.75676
67.1,125.843864
67.2,125.930786
67.3,126.01751
67.4,126.10404
67.5,126.19038
67.6,126.27653
67.7,126.36248
67.8,126.44825
67.9,126.53382
68.0,126.61921
68.1,126.70441
68.2,126.78941
68.3,126.87423
68.4,126.95886
68.5,127.043304
68.6,127.127556
68.7,127.211624
68.8,127.2955
68.9,127.3792
69.0,127.46271
69.1,127.546036
69.2,127.62917
69.3,127.71213
69.4,127.7949
69.5,127.87748
69.6,127.959885
69.7,128.0421
69.8,128.12415
69.9,128.206
70.0,128.28767
70.1,128.36916
70.2,128.45047
70.3,128.5316
70.4,128.61256
70.5,128.69333
70.6,128.77393
70.7,128.85434
70.8,128.93457
70.9,129.01462
71.0,129.0945
71.1,129.17421
71.2,129.25372
71.3,129.33307
71.4,129.41225
71.5,129.49124
71.6,129.57007
71.7,129.64871
71.8,129.72719
71.9,129.80548
72.0,129.8836
72.1,129.96155
72.2,130.03932
72.3,130.11693
72.4,130.19437
72.5,130.27162
72.6,130.34871
72.7,130.42563
72.8,130.50238
72.9,130.57895
73.0,130.65536
73.1,130.7316
73.2,130.80766
73.3,130.88356
73.4,130.95929
73.5,131.03485
73.6,131.11024
73.7,131.18547
73.8,131.26053
73.9,131.33543
74.0,131.41016
74.1,131.48471
74.2,131.55911
74.3,131.63335
74.4,131.70741
74.5,131.78131
74.6,131.85504
74.7,131.92862
74.8,132.00203
74.9,132.07529
75.0,132.14836
75.1,132.22128
75.2,132.29405
75.3,132.36665
75.4,132.43909
75.5,132.51137
75.6,132.58348
75.7,132.65544
75.8,132.72723
75.9,132.79887
76.0,132.87035
76.1,132.94167
76.2,133.01283
76.3,133.08383
76.4,133.15468
76.5,133.22537
76.6,133.2959
76.7,133.36627
76.8,133.4365
76.9,133.50656
77.0,133.57646
77.1,133.64622
77.2,133.71582
77.3,133.78526
77.4,133.85455
77.5,133.92369
77.6,133.99266
77.7,134.0615
77.8,134.13017
77.9,134.1987
78.0,134.26706
78.1,134.33528
78.2,134.40335
78.3,134.47127
78.4,134.53903
78.5,134.60666
78.6,134.67412
78.7,134.74144
78.8,134.8086
78.9,134.87563
79.0,134.94249
79.1,135.0092
79.2,135.07578
79.3,135.1422
79.4,135.20848
79.5,135.27461
79.6,135.34059
79.7,135.40643
79.8,135.47212
79.9,135.53766
80.0,135.60306
80.1,135.66832
80.2,135.73343
80.3,135.79839
80.4,135.86322
80.5,135.92789
80.6,135.99242
80.7,136.05681
80.8,136.12106
80.9,136.18517
81.0,136.24913
81.1,136.31294
81.2,136.37662
81.3,136.44016
81.4,136.50356
81.5,136.56682
81.6,136.62993
81.7,136.6929
81.8,136.75574
81.9,136.81844
82.0,136.88098
82.1,136.9434
82.2,137.00568
82.3,137.06783
82.4,137.12982
82.5,137.1917
82.6,137.25342
82.7,137.315
82.8,137.37646
82.9,137.43777
83.0,137.49896
83.1,137.56001
83.2,137.62091
83.3,137.68169
83.4,137.74232
83.5,137.80284
83.6,137.8632
83.7,137.92345
83.8,137.98355
83.9,138.04352
84.0,138.10336
84.1,138.16306
84.2,138.22263
84.3,138.28207
84.4,138.34138
84.5,138.40056
84.6,138.4596
84.7,138.51851
84.8,138.57729
84.9,138.63594
85.0,138.69447
85.1,138.75285
85.2,138.81113
85.3,138.86925
85.4,138.92726
85.5,138.98514
85.6,139.04288
85.7,139.1005
85.8,139.15799
85.9,139.21535
86.0,139.27258
86.1,139.3297
86.2,139.38667
86.3,139.44353
86.4,139.50026
86.5,139.55687
86.6,139.61334
86.7,139.6697
86.8,139.72592
86.9,139.78203
87.0,139.838
87.1,139.89386
87.2,139.94958
87.3,140.00519
87.4,140.06067
87.5,140.11603
87.6,140.17126
87.7,140.22638
87.8,140.28137
87.9,140.33624
88.0,140.39099
88.1,140.44562
88.2,140.50012
88.3,140.5545
88.4,140.60876
88.5,140.6629
88.6,140.71693
88.7,140.77083
88.8,140.82462
88.9,140.87828
89.0,140.93182
89.1,140.98524
89.2,141.03856
89.3,141.09175
89.4,141.14482
89.5,141.19777
89.6,141.25061
89.7,141.30333
89.8,141.35593
89.9,141.4084
90.0,141.46077
90.1,141.51303
90.2,141.56516
90.3,141.61719
90.4,141.66908
90.5,141.72087
90.6,141.77255
90.7,141.82411
90.8,141.87555
90.9,141.92688
91.0,141.9781
91.1,142.0292
91.2,142.08018
91.3,142.13107
91.4,142.18184
91.5,142.23248
91.6,142.28302
91.7,142.33345
91.8,142.38376
91.9,142.43396
92.0,142.48405
92.1,142.53403
92.2,142.58391
92.3,142.63367
92.4,142.6833
92.5,142.73285
92.6,142.78227
92.7,142.83159
92.8,142.8808
92.9,142.9299
93.0,142.9789
93.1,143.02777
93.2,143.07654
93.3,143.12521
93.4,143.17377
93.5,143.22221
93.6,143.27055
93.7,143.31879
93.8,143.36691
93.9,143.41493
94.0,143.46284
94.1,143.51065
94.2,143.55836
94.3,143.60596
94.4,143.65344
94.5,143.70082
94.6,143.74811
94.7,143.79529
94.8,143.84235
94.9,143.88931
95.0,143.93617
95.1,143.98293
95.2,144.02959
95.3,144.07614
95.4,144.12257
95.5,144.16893
95.6,144.21516
95.7,144.2613
95.8,144.30733
95.9,144.35327
96.0,144.3991
96.1,144.44482
96.2,144.49045
96.3,144.53598
96.4,144.5814
96.5,144.62672
96.6,144.67195
96.7,144.71707
96.8,144.7621
96.9,144.80702
97.0,144.85185
97.1,144.89658
97.2,144.9412
97.3,144.98572
97.4,145.03015
97.5,145.07448
97.6,145.1187
97.7,145.16284
97.8,145.20686
97.9,145.25081
98.0,145.29465
98.1,145.33838
98.2,145.38203
98.3,145.42558
98.4,145.46902
98.5,145.51237
98.6,145.55563
98.7,145.5988
98.8,145.64186
98.9,145.68484
99.0,145.7277
99.1,145.7705
99.2,145.81317
99.3,145.85577
99.4,145.89827
99.5,145.94066
99.6,145.98297
99.7,146.02518
99.8,146.0673
99.9,146.10933
100.0,146.15126
100.1,146.1931
100.2,146.23485
100.3,146.2765
100.4,146.31807
100.5,146.35953
100.6,146.40091
100.7,146.4422
100.8,146.48338
100.9,146.52449
101.0,146.5655
101.1,146.60643
101.2,146.64725
101.3,146.68799
101.4,146.72864
101.5,146.7692
101.6,146.80966
101.7,146.85004
101.8,146.89034
101.9,146.93053
102.0,146.97064
102.1,147.01067
102.2,147.0506
102.3,147.09044
102.4,147.13019
102.5,147.16986
102.6,147.20944
102.7,147.24893
102.8,147.28833
102.9,147.32765
103.0,147.36687
103.1,147.40602
103.2,147.44507
103.3,147.48404
103.4,147.52292
103.5,147.5617
103.6,147.60042
103.7,147.63904
103.8,147.67758
103.9,147.71603
104.0,147.7544
104.1,147.79268
104.2,147.83087
104.3,147.86899
104.4,147.90701
104.5,147.94496
104.6,147.98282
104.7,148.02058
104.8,148.05827
104.9,148.09589
105.0,148.1334
105.1,148.17085
105.2,148.2082
105.3,148.24548
105.4,148.28267
105.5,148.31978
105.6,148.3568
105.7,148.39375
105.8,148.4306
105.9,148.46739
106.0,148.50409
106.1,148.54071
106.2,148.57724
106.3,148.6137
106.4,148.65007
106.5,148.68636
106.6,148.72258
106.7,148.7587
106.8,148.79475
106.9,148.83073
107.0,148.86662
107.1,148.90244
107.2,148.93817
107.3,148.97382
107.4,149.0094
107.5,149.04489
107.6,149.0803
107.7,149.11565
107.8,149.1509
107.9,149.18608
108.0,149.22119
108.1,149.25621
108.2,149.29115
108.3,149.32603
108.4,149.36082
108.5,149.39554
108.6,149.43018
108.7,149.46474
108.8,149.49922
108.9,149.53363
109.0,149.56796
109.1,149.60222
109.2,149.6364
109.3,149.6705
109.4,149.70453
109.5,149.73848
109.6,149.77235
109.7,149.80615
109.8,149.83987
109.9,149.87354
110.0,149.9071
110.1,149.94061
110.2,149.97404
110.3,150.0074
110.4,150.04068
110.5,150.07388
110.6,150.10701
110.7,150.14008
110.8,150.17305
110.9,150.20596
111.0,150.23882
111.1,150.27158
111.2,150.30428
111.3,150.33688
111.4,150.36943
111.5,150.40192
111.6,150.43431
111.7,150.46664
111.8,150.49892
111.9,150.5311
112.0,150.56322
112.1,150.59526
112.2,150.62724
112.3,150.65915
112.4,150.69098
112.5,150.72273
112.6,150.75443
112.7,150.78606
112.8,150.8176
112.9,150.84909
113.0,150.8805
113.1,150.91183
113.2,150.94312
113.3,150.97432
113.4,151.00545
113.5,151.03651
113.6,151.0675
113.7,151.09843
113.8,151.12929
113.9,151.16008
114.0,151.1908
114.1,151.22145
114.2,151.25204
114.3,151.28256
114.4,151.313
114.5,151.34338
114.6,151.3737
114.7,151.40395
114.8,151.43413
114.9,151.46425
115.0,151.4943
115.1,151.52426
115.2,151.55418
115.3,151.58403
115.4,151.61382
115.5,151.64352
115.6,151.67317
115.7,151.70276
115.8,151.73227
115.9,151.76172
116.0,151.7911
116.1,151.82042
116.2,151.84969
116.3,151.87888
116.4,151.908
116.5,151.93706
116.6,151.96605
116.7,151.995
116.8,152.02385
116.9,152.05266
117.0,152.0814
117.1,152.11008
117.2,152.13869
117.3,152.16724
117.4,152.19572
117.5,152.22415
117.6,152.2525
117.7,152.2808
117.8,152.30904
117.9,152.3372
118.0,152.36531
118.1,152.39336
118.2,152.42134
118.3,152.44926
118.4,152.47713
118.5,152.50493
118.6,152.53265
118.7,152.56033
118.8,152.58795
118.9,152.6155
119.0,152.64299
119.1,152.67041
119.2,152.69778
119.3,152.7251
119.4,152.75233
119.5,152.77953
119.6,152.80666
119.7,152.83372
119.8,152.86073
119.9,152.88766
120.0,152.91457
120.1,152.94139
120.2,152.96815
120.3,152.99486
120.4,153.02151
120.5,153.0481
120.6,153.07463
120.7,153.1011
120.8,153.12752
120.9,153.15387
121.0,153.18016
121.1,153.2064
121.2,153.23257
121.3,153.2587
121.4,153.28476
121.5,153.31076
121.6,153.33672
121.7,153.36261
121.8,153.38844
121.9,153.41422
122.0,153.43993
122.1,153.46559
122.2,153.4912
122.3,153.51674
122.4,153.54224
122.5,153.56766
122.6,153.59303
122.7,153.61836
122.8,153.64363
122.9,153.66884
123.0,153.69398
123.1,153.71909
123.2,153.74413
123.3,153.7691
123.4,153.79404
123.5,153.81891
123.6,153.84373
123.7,153.8685
123.8,153.8932
123.9,153.91786
124.0,153.94246
124.1,153.96701
124.2,153.9915
124.3,154.01593
124.4,154.04031
124.5,154.06464
124.6,154.08891
124.7,154.11313
124.8,154.1373
124.9,154.1614
125.0,154.18547
125.1,154.20947
125.2,154.23343
125.3,154.25732
125.4,154.28117
125.5,154.30496
125.6,154.3287
125.7,154.3524
125.8,154.37604
125.9,154.39961
126.0,154.42314
126.1,154.44662
126.2,154.47005
126.3,154.49342
126.4,154.51674
126.5,154.54001
126.6,154.56323
126.7,154.5864
126.8,154.60951
126.9,154.63258
127.0,154.6556
127.1,154.67856
127.2,154.70146
127.3,154.72432
127.4,154.74713
127.5,154.7699
127.6,154.7926
127.7,154.81526
127.8,154.83788
127.9,154.86043
128.0,154.88293
128.1,154.9054
128.2,154.9278
128.3,154.95015
128.4,154.97246
128.5,154.99472
128.6,155.01694
128.7,155.0391
128.8,155.0612
128.9,155.08327
129.0,155.10527
129.1,155.12724
129.2,155.14915
129.3,155.17102
129.4,155.19284
129.5,155.21461
129.6,155.23633
129.7,155.25801
129.8,155.27963
129.9,155.30121
130.0,155.32274
130.1,155.34422
130.2,155.36565
130.3,155.38704
130.4,155.40837
130.5,155.42967
130.6,155.45091
130.7,155.4721
130.8,155.49326
130.9,155.51436
131.0,155.53542
131.1,155.55643
131.2,155.5774
131.3,155.5983
131.4,155.61917
131.5,155.64
131.6,155.66077
131.7,155.6815
131.8,155.70218
131.9,155.72282
132.0,155.74342
132.1,155.76396
132.2,155.78447
132.3,155.80492
132.4,155.82533
132.5,155.8457
132.6,155.86601
132.7,155.88629
132.8,155.90652
132.9,155.92671
133.0,155.94685
133.1,155.96695
133.2,155.987
133.3,156.007
133.4,156.02696
133.5,156.04689
133.6,156.06676
133.7,156.0866
133.8,156.10637
133.9,156.12611
134.0,156.14581
134.1,156.16547
134.2,156.18507
134.3,156.20465
134.4,156.22417
134.5,156.24365
134.6,156.26309
134.7,156.28249
134.8,156.30183
134.9,156.32114
135.0,156.34041
135.1,156.35962
135.2,156.3788
135.3,156.39793
135.4,156.41704
135.5,156.43608
135.6,156.4551
135.7,156.47406
135.8,156.493
135.9,156.51187
136.0,156.53072
136.1,156.54951
136.2,156.56827
136.3,156.58699
136.4,156.60567
136.5,156.6243
136.6,156.64288
136.7,156.66144
136.8,156.67995
136.9,156.69843
137.0,156.71684
137.1,156.73523
137.2,156.75359
137.3,156.77188
137.4,156.79015
137.5,156.80836
137.6,156.82655
137.7,156.8447
137.8,156.86281
137.9,156.88086
138.0,156.89888
138.1,156.91687
138.2,156.93481
138.3,156.95271
138.4,156.97058
138.5,156.9884
138.6,157.00618
138.7,157.02393
138.8,157.04164
138.9,157.0593
139.0,157.07692
139.1,157.09451
139.2,157.11206
139.3,157.12958
139.4,157.14703
139.5,157.16447
139.6,157.18187
139.7,157.19922
139.8,157.21654
139.9,157.23381
140.0,157.25105
140.1,157.26825
140.2,157.28542
140.3,157.30254
140.4,157.31963
140.5,157.33667
140.6,157.35368
140.7,157.37065
140.8,157.38759
140.9,157.4045
141.0,157.42136
141.1,157.43817
141.2,157.45496
141.3,157.47171
141.4,157.48842
141.5,157.5051
141.6,157.52173
141.7,157.53833
141.8,157.55489
141.9,157.57143
142.0,157.5879
142.1,157.60435
142.2,157.62077
142.3,157.63716
142.4,157.6535
142.5,157.66982
142.6,157.68608
142.7,157.70232
142.8,157.71852
142.9,157.73468
143.0,157.75081
143.1,157.76689
143.2,157.78296
143.3,157.79897
143.4,157.81496
143.5,157.8309
143.6,157.84682
143.7,157.8627
143.8,157.87854
143.9,157.89435
144.0,157.91013
144.1,157.92586
144.2,157.94156
144.3,157.95723
144.4,157.97287
144.5,157.98846
144.6,158.00403
144.7,158.01956
144.8,158.03505
144.9,158.0505
145.0,158.06593
145.1,158.08133
145.2,158.09668
145.3,158.11201
145.4,158.1273
145.5,158.14256
145.6,158.15778
145.7,158.17296
145.8,158.18813
145.9,158.20325
146.0,158.21832
146.1,158.23338
146.2,158.2484
146.3,158.26338
146.4,158.27834
146.5,158.29326
146.6,158.30815
146.7,158.323
146.8,158.33783
146.9,158.35262
147.0,158.36737
147.1,158.3821
147.2,158.39679
147.3,158.41144
147.4,158.42607
147.5,158.44066
147.6,158.45522
147.7,158.46974
147.8,158.48424
147.9,158.4987
148.0,158.51314
148.1,158.52754
148.2,158.5419
148.3,158.55624
148.4,158.57054
148.5,158.58481
148.6,158.59906
148.7,158.61327
148.8,158.62744
148.9,158.64159
149.0,158.6557
149.1,158.66978
149.2,158.6844
149.3,158.70016
149.4,158.71707
149.5,158.7351
149.6,158.75429
149.7,158.77461
149.8,158.79605
149.9,158.81862
150.0,158.84232
150.1,158.86714
150.2,158.89308
150.3,158.92015
150.4,158.94833
150.5,158.97762
150.6,159.00803
150.7,159.03954
150.8,159.07214
150.9,159.10587
151.0,159.14069
151.1,159.17662
151.2,159.21364
151.3,159.25174
151.4,159.29094
151.5,159.33124
151.6,159.37262
151.7,159.41508
151.8,159.45862
151.9,159.50325
152.0,159.54895
152.1,159.59573
152.2,159.64357
152.3,159.69249
152.4,159.74248
152.5,159.79353
152.6,159.84564
152.7,159.89882
152.8,159.95305
152.9,160.0083
153.0,160.06378
153.1,160.11913
153.2,160.17436
153.3,160.22946
153.4,160.28445
153.5,160.33931
153.6,160.39406
153.7,160.44867
153.8,160.50317
153.9,160.55756
154.0,160.6118
154.1,160.66594
154.2,160.71996
154.3,160.77385
154.4,160.82764
154.5,160.88129
154.6,160.93483
154.7,160.98825
154.8,161.04155
154.9,161.09473
155.0,161.1478
155.1,161.20073
155.2,161.25357
155.3,161.30627
155.4,161.35887
155.5,161.41135
155.6,161.46371
155.7,161.51595
155.8,161.56808
155.9,161.6201
156.0,161.672
156.1,161.72377
156.2,161.77544
156.3,161.827
156.4,161.87843
156.5,161.92976
156.6,161.98097
156.7,162.03206
156.8,162.08305
156.9,162.13391
157.0,162.18468
157.1,162.23532
157.2,162.28586
157.3,162.33627
157.4,162.38658
157.5,162.43678
157.6,162.48686
157.7,162.53683
157.8,162.5867
157.9,162.63644
158.0,162.6861
158.1,162.73563
158.2,162.78505
158.3,162.83435
158.4,162.88356
158.5,162.93265
158.6,162.98163
158.7,163.0305
158.8,163.07927
158.9,163.12793
159.0,163.17648
159.1,163.22493
159.2,163.27327
159.3,163.32149
159.4,163.36961
159.5,163.41763
159.6,163.46553
159.7,163.51334
159.8,163.56104
159.9,163.60863
160.0,163.6561
160.1,163.70348
160.2,163.75075
160.3,163.79793
160.4,163.84499
160.5,163.89195
160.6,163.9388
160.7,163.98555
160.8,164.0322
160.9,164.07874
161.0,164.12518
161.1,164.17152
161.2,164.21776
161.3,164.26389
161.4,164.3099
161.5,164.35583
161.6,164.40167
161.7,164.44739
161.8,164.49301
161.9,164.53853
162.0,164.58395
162.1,164.62927
162.2,164.67448
162.3,164.7196
162.4,164.76462
162.5,164.80954
162.6,164.85435
162.7,164.89908
162.8,164.9437
162.9,164.98822
163.0,165.03264
163.1,165.07697
163.2,165.12119
163.3,165.16531
163.4,165.20934
163.5,165.25327
163.6,165.2971
163.7,165.34084
163.8,165.38448
163.9,165.42801
164.0,165.47147
164.1,165.51482
164.2,165.55806
164.3,165.60121
164.4,165.64427
164.5,165.68724
164.6,165.73012
164.7,165.77289
164.8,165.81557
164.9,165.85815
165.0,165.90065
165.1,165.94304
165.2,165.98534
165.3,166.02754
165.4,166.06966
165.5,166.11168
165.6,166.15361
165.7,166.19545
165.8,166.23718
165.9,166.27884
166.0,166.32039
166.1,166.36186
166.2,166.40323
166.3,166.4445
166.4,166.4857
166.5,166.5268
166.6,166.5678
166.7,166.60872
166.8,166.64954
166.9,166.69028
167.0,166.73091
167.1,166.77147
167.2,166.81194
167.3,166.85231
167.4,166.8926
167.5,166.93279
167.6,166.97289
167.7,167.01291
167.8,167.05283
167.9,167.09267
168.0,167.13242
168.1,167.17207
168.2,167.21165
168.3,167.25114
168.4,167.29054
168.5,167.32985
168.6,167.36906
168.7,167.4082
168.8,167.44725
168.9,167.48622
169.0,167.5251
169.1,167.56389
169.2,167.60258
169.3,167.6412
169.4,167.67973
169.5,167.71819
169.6,167.75655
169.7,167.79483
169.8,167.83302
169.9,167.87112
170.0,167.90915
170.1,167.94708
170.2,167.98494
170.3,168.0227
170.4,168.0604
170.5,168.09799
170.6,168.13551
170.7,168.17294
170.8,168.2103
170.9,168.24756
171.0,168.28476
171.1,168.32185
171.2,168.35887
171.3,168.39581
171.4,168.43268
171.5,168.46945
171.6,168.50615
171.7,168.54276
171.8,168.57928
171.9,168.61574
172.0,168.6521
172.1,168.6884
172.2,168.7246
172.3,168.76073
172.4,168.79677
172.5,168.83275
172.6,168.86864
172.7,168.90443
172.8,168.94017
172.9,168.97581
173.0,169.01138
173.1,169.04688
173.2,169.08229
173.3,169.11761
173.4,169.15288
173.5,169.18805
173.6,169.22314
173.7,169.25818
173.8,169.29312
173.9,169.32799
174.0,169.36276
174.1,169.39748
174.2,169.43211
174.3,169.46667
174.4,169.50114
174.5,169.53555
174.6,169.56989
174.7,169.60413
174.8,169.6383
174.9,169.67241
175.0,169.70644
175.1,169.74037
175.2,169.77425
175.3,169.80804
175.4,169.84177
175.5,169.87541
175.6,169.909
175.7,169.94249
175.8,169.9759
175.9,170.00926
176.0,170.04367
176.1,170.08034
176.2,170.1193
176.3,170.16049
176.4,170.20398
176.5,170.2497
176.6,170.29768
176.7,170.3479
176.8,170.40038
176.9,170.45508
177.0,170.51201
177.1,170.57117
177.2,170.63255
177.3,170.69614
177.4,170.76195
177.5,170.82996
177.6,170.90018
177.7,170.97258
177.8,171.0472
177.9,171.12398
178.0,171.20294
178.1,171.28409
178.2,171.36742
178.3,171.4529
178.4,171.54054
178.5,171.63036
178.6,171.72232
178.7,171.81642
178.8,171.91267
178.9,172.01106
179.0,172.11159
179.1,172.21425
179.2,172.31902
179.3,172.42592
179.4,172.53493
179.5,172.64604
179.6,172.75928
179.7,172.87454
179.8,172.99025
179.9,173.1057
180.0,173.22089
180.1,173.33583
180.2,173.4505
180.3,173.56494
180.4,173.67911
180.5,173.79303
180.6,173.9067
180.7,174.02011
180.8,174.13327
180.9,174.24619
181.0,174.35884
181.1,174.47125
181.2,174.58342
181.3,174.69533
181.4,174.80699
181.5,174.91841
181.6,175.02957
181.7,175.1405
181.8,175.25117
181.9,175.3616
182.0,175.47179
182.1,175.58173
182.2,175.69142
182.3,175.80089
182.4,175.9101
182.5,176.01906
182.6,176.12779
182.7,176.23627
182.8,176.34451
182.9,176.45251
183.0,176.56027
183.1,176.6678
183.2,176.77509
183.3,176.88214
183.4,176.98895
183.5,177.09552
183.6,177.20186
183.7,177.30795
183.8,177.41382
183.9,177.51945
184.0,177.62485
184.1,177.73001
184.2,177.83493
184.3,177.93964
184.4,178.0441
184.5,178.14832
184.6,178.25232
184.7,178.3561
184.8,178.45963
184.9,178.56294
185.0,178.66602
185.1,178.76886
185.2,178.87149
185.3,178.97388
185.4,179.07605
185.5,179.178
185.6,179.27971
185.7,179.3812
185.8,179.48245
185.9,179.5835
186.0,179.68431
186.1,179.7849
186.2,179.88525
186.3,179.9854
186.4,180.08533
186.5,180.18503
186.6,180.2845
186.7,180.38376
186.8,180.4828
186.9,180.58162
187.0,180.6802
187.1,180.7786
187.2,180.87675
187.3,180.9747
187.4,181.07242
187.5,181.16992
187.6,181.26723
187.7,181.3643
187.8,181.46115
187.9,181.5578
188.0,181.65424
188.1,181.75046
188.2,181.84645
188.3,181.94225
188.4,182.03783
188.5,182.1332
188.6,182.22835
188.7,182.32329
188.8,182.41801
188.9,182.51254
189.0,182.60684
189.1,182.70096
189.2,182.79485
189.3,182.88853
189.4,182.98201
189.5,183.07527
189.6,183.16833
189.7,183.2612
189.8,183.35385
189.9,183.44629
190.0,183.53853
190.1,183.63057
190.2,183.7224
190.3,183.81403
190.4,183.90544
190.5,183.99666
190.6,184.08768
190.7,184.1785
190.8,184.2691
190.9,184.35953
191.0,184.44974
191.1,184.53975
191.2,184.62956
191.3,184.71916
191.4,184.80858
191.5,184.8978
191.6,184.98682
191.7,185.07564
191.8,185.16426
191.9,185.25269
192.0,185.34091
192.1,185.42894
192.2,185.51678
192.3,185.60443
192.4,185.69188
192.5,185.77913
192.6,185.8662
192.7,185.95306
192.8,186.03973
192.9,186.12622
193.0,186.21251
193.1,186.2986
193.2,186.3845
193.3,186.47023
193.4,186.55576
193.5,186.6411
193.6,186.72624
193.7,186.8112
193.8,186.89597
193.9,186.98055
194.0,187.06494
194.1,187.14915
194.2,187.23317
194.3,187.317
194.4,187.40065
194.5,187.48412
194.6,187.56738
194.7,187.65048
194.8,187.73338
194.9,187.8161
195.0,187.89865
195.1,187.981
195.2,188.06317
195.3,188.14517
195.4,188.22697
195.5,188.3086
195.6,188.39005
195.7,188.47131
195.8,188.5524
195.9,188.6333
196.0,188.71402
196.1,188.79457
196.2,188.87494
196.3,188.95512
196.4,189.03514
196.5,189.11497
196.6,189.19463
196.7,189.27411
196.8,189.35341
196.9,189.43254
197.0,189.51149
197.1,189.59027
197.2,189.66887
197.3,189.74728
197.4,189.82555
197.5,189.90363
197.6,189.98152
197.7,190.05927
197.8,190.13683
197.9,190.2142
198.0,190.29143
198.1,190.36847
198.2,190.44534
198.3,190.52205
198.4,190.59857
198.5,190.67494
198.6,190.75113
198.7,190.82716
198.8,190.90302
198.9,190.9787
199.0,191.05421
199.1,191.12956
199.2,191.20476
199.3,191.27977
199.4,191.35461
199.5,191.4293
199.6,191.50383
199.7,191.57817
199.8,191.65236
199.9,191.7264
200.0,191.80025
200.1,191.87395
200.2,191.94748
200.3,192.02084
200.4,192.09406
200.5,192.1671
200.6,192.23997
200.7,192.3127
200.8,192.38525
200.9,192.45764
201.0,192.52989
201.1,192.60196
201.2,192.67387
201.3,192.74564
201.4,192.81723
201.5,192.88867
201.6,192.95995
201.7,193.03107
201.8,193.10204
201.9,193.17284
202.0,193.24348
202.1,193.31398
202.2,193.38431
202.3,193.45448
202.4,193.52452
202.5,193.59438
202.6,193.6641
202.7,193.73366
202.8,193.80402
202.9,193.87625
203.0,193.95036
203.1,194.02632
203.2,194.10416
203.3,194.18385
203.4,194.2654
203.5,194.34879
203.6,194.43402
203.7,194.52109
203.8,194.61
203.9,194.70074
204.0,194.79332
204.1,194.88771
204.2,194.98393
204.3,195.08197
204.4,195.18181
204.5,195.28346
204.6,195.38692
204.7,195.49217
204.8,195.59923
204.9,195.70808
205.0,195.81871
205.1,195.93112
205.2,196.04532
205.3,196.1613
205.4,196.27905
205.5,196.39856
205.6,196.51984
205.7,196.64288
205.8,196.76767
205.9,196.89423
206.0,197.02252
206.1,197.15256
206.2,197.28435
206.3,197.41786
206.4,197.55312
206.5,197.69005
206.6,197.82729
206.7,197.96422
206.8,198.10085
206.9,198.23718
207.0,198.3732
207.1,198.50893
207.2,198.64435
207.3,198.77946
207.4,198.91428
207.5,199.0488
207.6,199.18301
207.7,199.31694
207.8,199.45056
207.9,199.5839
208.0,199.71693
208.1,199.84967
208.2,199.98212
208.3,200.11426
208.4,200.24612
208.5,200.37769
208.6,200.50896
208.7,200.63994
208.8,200.77063
208.9,200.90102
209.0,201.03113
209.1,201.16095
209.2,201.29048
209.3,201.41972
209.4,201.54869
209.5,201.67735
209.6,201.80574
209.7,201.93385
209.8,202.06166
209.9,202.1892
210.0,202.31645
210.1,202.44342
210.2,202.5701
210.3,202.6965
210.4,202.82263
210.5,202.94847
210.6,203.07404
210.7,203.19933
210.8,203.32434
210.9,203.44907
211.0,203.57352
211.1,203.6977
211.2,203.8216
211.3,203.94522
211.4,204.06857
211.5,204.19165
211.6,204.31445
211.7,204.437
211.8,204.55925
211.9,204.68124
212.0,204.80296
212.1,204.92441
212.2,205.0456
212.3,205.1665
212.4,205.28714
212.5,205.40752
212.6,205.52762
212.7,205.64746
212.8,205.76703
212.9,205.88634
213.0,206.00539
213.1,206.12416
213.2,206.24268
213.3,206.36093
213.4,206.47893
213.5,206.59665
213.6,206.71411
213.7,206.83133
213.8,206.94827
213.9,207.06496
214.0,207.18138
214.1,207.29755
214.2,207.41347
214.3,207.52911
214.4,207.64452
214.5,207.75966
214.6,207.87454
214.7,207.98917
214.8,208.10355
214.9,208.21767
215.0,208.33153
215.1,208.44514
215.2,208.55852
215.3,208.67163
215.4,208.78448
215.5,208.8971
215.6,209.00946
215.7,209.12157
215.8,209.23343
215.9,209.34505
216.0,209.4564
216.1,209.56754
216.2,209.6784
216.3,209.78903
216.4,209.89941
216.5,210.00954
216.6,210.11943
216.7,210.22908
216.8,210.33849
216.9,210.44765
217.0,210.55656
217.1,210.66524
217.2,210.77368
217.3,210.88187
217.4,210.98982
217.5,211.09753
217.6,211.20502
217.7,211.31226
217.8,211.41925
217.9,211.52602
218.0,211.63254
218.1,211.73883
218.2,211.84488
218.3,211.9507
218.4,212.05627
218.5,212.16162
218.6,212.26674
218.7,212.37163
218.8,212.47627
218.9,212.58069
219.0,212.68488
219.1,212.78882
219.2,212.89255
219.3,212.99603
219.4,213.09929
219.5,213.20233
219.6,213.30513
219.7,213.40771
219.8,213.51006
219.9,213.61218
220.0,213.71407
220.1,213.81573
220.2,213.91718
220.3,214.0184
220.4,214.11938
220.5,214.22015
220.6,214.32071
220.7,214.42102
220.8,214.52112
220.9,214.621
221.0,214.72066
221.1,214.82008
221.2,214.9193
221.3,215.0183
221.4,215.11707
221.5,215.21562
221.6,215.31395
221.7,215.41206
221.8,215.50996
221.9,215.60765
222.0,215.70511
222.1,215.80237
222.2,215.8994
222.3,215.99622
222.4,216.09282
222.5,216.1892
222.6,216.28537
222.7,216.38133
222.8,216.47708
222.9,216.57262
223.0,216.66794
223.1,216.76305
223.2,216.85796
223.3,216.95264
223.4,217.04712
223.5,217.14139
223.6,217.23544
223.7,217.3293
223.8,217.42294
223.9,217.51637
224.0,217.6096
224.1,217.70262
224.2,217.79544
224.3,217.88805
224.4,217.98045
224.5,218.07265
224.6,218.16464
224.7,218.25642
224.8,218.348
224.9,218.43939
225.0,218.53058
225.1,218.62155
225.2,218.71233
225.3,218.8029
225.4,218.89326
225.5,218.98344
225.6,219.07341
225.7,219.16318
225.8,219.25276
225.9,219.34213
226.0,219.4313
226.1,219.52028
226.2,219.60905
226.3,219.69765
226.4,219.78603
226.5,219.87422
226.6,219.96222
226.7,220.05002
226.8,220.13762
226.9,220.22502
227.0,220.31224
227.1,220.39926
227.2,220.48608
227.3,220.57272
227.4,220.65916
227.5,220.74542
227.6,220.83148
227.7,220.91734
227.8,221.00302
227.9,221.08852
228.0,221.17381
228.1,221.25893
228.2,221.34384
228.3,221.42857
228.4,221.51312
228.5,221.59747
228.6,221.68164
228.7,221.76562
228.8,221.84941
228.9,221.93303
229.0,222.01645
229.1,222.09969
229.2,222.18274
229.3,222.26561
229.4,222.3483
229.5,222.4308
229.6,222.51312
229.7,222.59526
229.8,222.67722
229.9,222.75899
230.0,222.84058
230.1,222.92198
230.2,223.0032
230.3,223.08426
230.4,223.16513
230.5,223.24582
230.6,223.32632
230.7,223.40666
230.8,223.4868
230.9,223.56679
231.0,223.64658
231.1,223.7262
231.2,223.80565
231.3,223.88492
231.4,223.964
231.5,224.04292
231.6,224.12166
231.7,224.20023
231.8,224.27861
231.9,224.35683
232.0,224.43488
232.1,224.51274
232.2,224.59044
232.3,224.66797
232.4,224.74532
232.5,224.8225
232.6,224.8995
232.7,224.97635
232.8,225.05302
232.9,225.12952
233.0,225.20584
233.1,225.282
233.2,225.358
233.3,225.43382
233.4,225.50948
233.5,225.58495
233.6,225.66026
233.7,225.73543
233.8,225.81041
233.9,225.88522
234.0,225.95987
234.1,226.03436
234.2,226.10867
234.3,226.18283
234.4,226.25682
234.5,226.33064
234.6,226.40431
234.7,226.47781
234.8,226.55115
234.9,226.62431
235.0,226.69733
235.1,226.77017
235.2,226.84286
235.3,226.91539
235.4,226.98775
235.5,227.05995
235.6,227.132
235.7,227.20389
235.8,227.2756
235.9,227.34717
236.0,227.41858
236.1,227.48982
236.2,227.56091
236.3,227.63184
236.4,227.70262
236.5,227.77324
236.6,227.84369
236.7,227.914
236.8,227.98415
236.9,228.05414
237.0,228.12398
237.1,228.19365
237.2,228.26318
237.3,228.33255
237.4,228.40176
237.5,228.47084
237.6,228.53975
237.7,228.6085
237.8,228.67711
237.9,228.74556
238.0,228.81387
238.1,228.88202
238.2,228.95001
238.3,229.01787
238.4,229.08556
238.5,229.1531
238.6,229.2205
238.7,229.28775
238.8,229.35484
238.9,229.4218
239.0,229.4886
239.1,229.55525
239.2,229.62175
239.3,229.68811
239.4,229.75432
239.5,229.82039
239.6,229.8863
239.7,229.95207
239.8,230.0177
239.9,230.08318
240.0,230.1485
240.1,230.21368
240.2,230.27873
240.3,230.34363
240.4,230.40839
240.5,230.47299
240.6,230.53746
240.7,230.60179
240.8,230.66597
240.9,230.73001
241.0,230.7939
241.1,230.85767
241.2,230.92128
241.3,230.98474
241.4,231.04808
241.5,231.11127
241.6,231.17432
241.7,231.23723
241.8,231.3
241.9,231.36263
242.0,231.42513
242.1,231.48747
242.2,231.5497
242.3,231.61177
242.4,231.6737
242.5,231.7355
242.6,231.79718
242.7,231.8587
242.8,231.92009
242.9,231.98135
243.0,232.04247
243.1,232.10345
243.2,232.16429
243.3,232.225
243.4,232.28558
243.5,232.34604
243.6,232.40634
243.7,232.46652
243.8,232.52657
243.9,232.58647
244.0,232.64624
244.1,232.70589
244.2,232.7654
244.3,232.82478
244.4,232.88402
244.5,232.94313
244.6,233.00212
244.7,233.06097
244.8,233.11969
244.9,233.17828
245.0,233.23676
245.1,233.29509
245.2,233.35329
245.3,233.41136
245.4,233.4693
245.5,233.52711
245.6,233.58481
245.7,233.64236
245.8,233.6998
245.9,233.75711
246.0,233.81429
246.1,233.87134
246.2,233.92825
246.3,233.98505
246.4,234.04172
246.5,234.09827
246.6,234.1547
246.7,234.21098
246.8,234.26715
246.9,234.3232
247.0,234.37912
247.1,234.43492
247.2,234.49059
247.3,234.54614
247.4,234.60156
247.5,234.65686
247.6,234.71205
247.7,234.7671
247.8,234.82204
247.9,234.87685
248.0,234.93155
248.1,234.98611
248.2,235.04056
248.3,235.0949
248.4,235.1491
248.5,235.20319
248.6,235.25716
248.7,235.311
248.8,235.36473
248.9,235.41833
249.0,235.47183
249.1,235.52519
249.2,235.57845
249.3,235.63159
249.4,235.6846
249.5,235.7375
249.6,235.79028
249.7,235.84294
249.8,235.8955
249.9,235.94792
250.0,236.00024
250.1,236.05243
250.2,236.10452
250.3,236.15648
250.4,236.20833
250.5,236.26007
250.6,236.31169
250.7,236.3632
250.8,236.4146
250.9,236.46587
251.0,236.51703
251.1,236.56808
251.2,236.61902
251.3,236.66985
251.4,236.72057
251.5,236.77116
251.6,236.82164
251.7,236.87202
251.8,236.92229
251.9,236.97243
252.0,237.02248
252.1,237.0724
252.2,237.12222
252.3,237.17192
252.4,237.22153
252.5,237.27101
252.6,237.32039
252.7,237.36966
252.8,237.41881
252.9,237.46786
253.0,237.5168
253.1,237.56564
253.2,237.61436
253.3,237.66298
253.4,237.71149
253.5,237.75989
253.6,237.80817
253.7,237.85635
253.8,237.90443
253.9,237.95241
254.0,238.00027
254.1,238.04803
254.2,238.09569
254.3,238.14323
254.4,238.19067
254.5,238.238
254.6,238.28523
254.7,238.33237
254.8,238.37938
254.9,238.4263
255.0,238.47311
255.1,238.51982
255.2,238.56642
255.3,238.61293
255.4,238.65933
255.5,238.70563
255.6,238.75182
255.7,238.79791
255.8,238.84389
255.9,238.88979
256.0,238.93556
256.1,238.98125
256.2,239.02682
256.3,239.07231
256.4,239.1172
256.5,239.16095
256.6,239.20357
256.7,239.24504
256.8,239.28537
256.9,239.32457
257.0,239.36264
257.1,239.39958
257.2,239.4354
257.3,239.47008
257.4,239.50365
257.5,239.53609
257.6,239.56741
257.7,239.59764
257.8,239.62674
257.9,239.65474
258.0,239.68163
258.1,239.7074
258.2,239.73209
258.3,239.75566
258.4,239.77815
258.5,239.79955
258.6,239.81984
258.7,239.83905
258.8,239.85716
258.9,239.8742
259.0,239.89015
259.1,239.90503
259.2,239.91882
259.3,239.93155
259.4,239.94319
259.5,239.95377
259.6,239.96327
259.7,239.97171
259.8,239.9791
259.9,239.98541
260.0,239.99066
260.1,239.99487
260.2,239.99802
260.3,240.00012
260.4,240.00116
260.5,240.00116
260.6,240.00012
260.7,239.99803
260.8,239.9949
260.9,239.99074
261.0,239.98553
261.1,239.9793
261.2,239.97203
261.3,239.96375
261.4,239.95442
261.5,239.94408
261.6,239.93271
261.7,239.92032
261.8,239.90692
261.9,239.8925
262.0,239.87708
262.1,239.86063
262.2,239.84319
262.3,239.82472
262.4,239.80527
262.5,239.7848
262.6,239.76335
262.7,239.74089
262.8,239.71744
262.9,239.693
263.0,239.66756
263.1,239.64113
263.2,239.61372
263.3,239.58533
263.4,239.55595
263.5,239.5256
263.6,239.49426
263.7,239.46196
263.8,239.42868
263.9,239.39442
264.0,239.3592
264.1,239.32301
264.2,239.28587
264.3,239.24776
264.4,239.20868
264.5,239.16866
264.6,239.12767
264.7,239.08572
264.8,239.04283
264.9,238.999
265.0,238.9542
265.1,238.90846
265.2,238.86179
265.3,238.81416
265.4,238.76561
265.5,238.71611
265.6,238.66568
265.7,238.61432
265.8,238.56201
265.9,238.50879
266.0,238.45465
266.1,238.39957
266.2,238.34358
266.3,238.28665
266.4,238.22882
266.5,238.17007
266.6,238.1104
266.7,238.04982
266.8,237.98834
266.9,237.92593
267.0,237.86264
267.1,237.79843
267.2,237.73332
267.3,237.66731
267.4,237.6004
267.5,237.5326
267.6,237.4639
267.7,237.3943
267.8,237.32382
267.9,237.25246
268.0,237.1802
268.1,237.10706
268.2,237.03304
268.3,236.95813
268.4,236.88235
268.5,236.8057
268.6,236.72816
268.7,236.64975
268.8,236.57048
268.9,236.49033
269.0,236.40932
269.1,236.32744
269.2,236.2447
269.3,236.1611
269.4,236.07664
269.5,235.99132
269.6,235.90515
269.7,235.81813
269.8,235.73026
269.9,235.64153
270.0,235.55194
270.1,235.46152
270.2,235.37025
270.3,235.27815
270.4,235.1852
270.5,235.09142
270.6,234.9968
270.7,234.90134
270.8,234.80504
270.9,234.70793
271.0,234.60997
271.1,234.5112
271.2,234.41159
271.3,234.31116
271.4,234.20992
271.5,234.10785
271.6,234.00496
271.7,233.90126
271.8,233.79674
271.9,233.6914
272.0,233.58527
272.1,233.47832
272.2,233.37056
272.3,233.262
272.4,233.15262
272.5,233.04245
272.6,232.93149
272.7,232.81972
272.8,232.70715
272.9,232.5938
273.0,232.47964
273.1,232.3647
273.2,232.24896
273.3,232.13243
273.4,232.01514
273.5,231.89703
273.6,231.77817
273.7,231.65851
273.8,231.53807
273.9,231.41685
274.0,231.29488
274.1,231.1721
274.2,231.04857
274.3,230.92427
274.4,230.7992
274.5,230.67336
274.6,230.54675
274.7,230.41937
274.8,230.29124
274.9,230.16235
275.0,230.0327
275.1,229.9023
275.2,229.77113
275.3,229.63922
275.4,229.50655
275.5,229.37312
275.6,229.23895
275.7,229.10405
275.8,228.96838
275.9,228.83199
276.0,228.69484
276.1,228.55695
276.2,228.41832
276.3,228.27896
276.4,228.13887
276.5,227.99803
276.6,227.85648
276.7,227.71417
276.8,227.57115
276.9,227.42741
277.0,227.28293
277.1,227.13773
277.2,226.9918
277.3,226.84517
277.4,226.6978
277.5,226.54973
277.6,226.40092
277.7,226.25142
277.8,226.1012
277.9,225.95026
278.0,225.79861
278.1,225.64627
278.2,225.49321
278.3,225.33945
278.4,225.18498
278.5,225.0298
278.6,224.87393
278.7,224.71736
278.8,224.5601
278.9,224.40215
279.0,224.24348
279.1,224.08414
279.2,223.9241
279.3,223.76337
279.4,223.60196
279.5,223.43985
279.6,223.27707
279.7,223.11359
279.8,222.94945
279.9,222.7846
280.0,222.6191
280.1,222.45291
280.2,222.28604
280.3,222.1185
280.4,221.95029
280.5,221.7814
280.6,221.61185
280.7,221.44162
280.8,221.27074
280.9,221.09918
281.0,220.92696
281.1,220.75409
281.2,220.58054
281.3,220.40634
281.4,220.23148
281.5,220.05597
281.6,219.87979
281.7,219.70296
281.8,219.52548
281.9,219.34737
282.0,219.16858
282.1,218.98915
282.2,218.80908
282.3,218.62837
282.4,218.447
282.5,218.265
282.6,218.08235
282.7,217.89908
282.8,217.71515
282.9,217.5306
283.0,217.3454
283.1,217.15958
283.2,216.97311
283.3,216.78603
283.4,216.59831
283.5,216.40996
283.6,216.221
283.7,216.03139
283.8,215.84117
283.9,215.65033
284.0,215.45886
284.1,215.26677
284.2,215.07407
284.3,214.88075
284.4,214.68681
284.5,214.49226
284.6,214.29709
284.7,214.10132
284.8,213.90492
284.9,213.70793
285.0,213.51033
285.1,213.31212
285.2,213.11331
285.3,212.9139
285.4,212.71387
285.5,212.51326
285.6,212.31204
285.7,212.11021
285.8,211.9078
285.9,211.70479
286.0,211.50119
286.1,211.297
286.2,211.09221
286.3,210.88683
286.4,210.68086
286.5,210.4743
286.6,210.26717
286.7,210.05945
286.8,209.85114
286.9,209.64224
287.0,209.43277
287.1,209.22272
287.2,209.01208
287.3,208.80087
287.4,208.5891
287.5,208.37674
287.6,208.1638
287.7,207.9503
287.8,207.73622
287.9,207.52158
288.0,207.30637
288.1,207.09058
288.2,206.87424
288.3,206.65733
288.4,206.43985
288.5,206.22182
288.6,206.00322
288.7,205.78406
288.8,205.56435
288.9,205.34409
289.0,205.12325
289.1,204.90187
289.2,204.67993
289.3,204.45744
289.4,204.2344
289.5,204.01082
289.6,203.78668
289.7,203.562
289.8,203.33678
289.9,203.111
290.0,202.88467
290.1,202.65782
290.2,202.43042
290.3,202.20248
290.4,201.974
290.5,201.74498
290.6,201.51543
290.7,201.28534
290.8,201.05472
290.9,200.82355
291.0,200.59187
291.1,200.35965
291.2,200.1269
291.3,199.89363
291.4,199.65982
291.5,199.42549
291.6,199.19064
291.7,198.95526
291.8,198.71936
291.9,198.48294
292.0,198.246
292.1,198.00854
292.2,197.77057
292.3,197.53207
292.4,197.29308
292.5,197.05354
292.6,196.8135
292.7,196.57297
292.8,196.33191
292.9,196.09033
293.0,195.84827
293.1,195.60568
293.2,195.36258
293.3,195.11899
293.4,194.8749
293.5,194.6303
293.6,194.38518
293.7,194.13957
293.8,193.89348
293.9,193.64687
294.0,193.39977
294.1,193.15218
294.2,192.90408
294.3,192.6555
294.4,192.40642
294.5,192.15685
294.6,191.90678
294.7,191.65623
294.8,191.4052
294.9,191.15367
295.0,190.90166
295.1,190.64915
295.2,190.39618
295.3,190.1427
295.4,189.88876
295.5,189.63432
295.6,189.37943
295.7,189.12402
295.8,188.86816
295.9,188.61182
296.0,188.355
296.1,188.0977
296.2,187.83994
296.3,187.5817
296.4,187.32298
296.5,187.06381
296.6,186.80415
296.7,186.54404
296.8,186.28345
296.9,186.0224
297.0,185.76088
297.1,185.49889
297.2,185.23645
297.3,184.97354
297.4,184.71017
297.5,184.44633
297.6,184.18205
297.7,183.9173
297.8,183.6521
297.9,183.38644
298.0,183.12033
298.1,182.85376
298.2,182.58673
298.3,182.31926
298.4,182.05133
298.5,181.78296
298.6,181.51413
298.7,181.24486
298.8,180.97514
298.9,180.70497
299.0,180.43437
299.1,180.16331
299.2,179.89182
299.3,179.61987
299.4,179.34749
299.5,179.07468
299.6,178.8014
299.7,178.52771
299.8,178.25357
299.9,177.979
300.0,177.704
300.1,177.42856
300.2,177.15268
300.3,176.87637
300.4,176.59964
300.5,176.32246
300.6,176.04486
300.7,175.76685
300.8,175.48839
300.9,175.2095
301.0,174.93019
301.1,174.65047
301.2,174.37032
301.3,174.08974
301.4,173.80873
301.5,173.52731
301.6,173.24547
301.7,172.96321
301.8,172.68053
301.9,172.39743
302.0,172.11392
302.1,171.82999
302.2,171.54565
302.3,171.2609
302.4,170.97572
302.5,170.69014
302.6,170.40414
302.7,170.11775
302.8,169.83093
302.9,169.54372
303.0,169.25609
303.1,168.96806
303.2,168.67963
303.3,168.39078
303.4,168.10153
303.5,167.81189
303.6,167.52184
303.7,167.23138
303.8,166.94054
303.9,166.64929
304.0,166.35764
304.1,166.0656
304.2,165.77315
304.3,165.48032
304.4,165.18707
304.5,164.89345
304.6,164.59943
304.7,164.30502
304.8,164.01022
304.9,163.71503
305.0,163.41945
305.1,163.12347
305.2,162.82712
305.3,162.53036
305.4,162.23323
305.5,161.93571
305.6,161.63782
305.7,161.33952
305.8,161.04086
305.9,160.7418
306.0,160.44238
306.1,160.14258
306.2,159.84264
306.3,159.54332
306.4,159.24466
306.5,158.94667
306.6,158.64934
306.7,158.35268
306.8,158.05667
306.9,157.7613
307.0,157.46661
307.1,157.17258
307.2,156.87918
307.3,156.58644
307.4,156.29436
307.5,156.00291
307.6,155.71211
307.7,155.42197
307.8,155.13246
307.9,154.8436
308.0,154.55537
308.1,154.26779
308.2,153.98085
308.3,153.69455
308.4,153.40887
308.5,153.12384
308.6,152.83945
308.7,152.55566
308.8,152.27252
308.9,151.99
309.0,151.70813
309.1,151.42686
309.2,151.14622
309.3,150.86621
309.4,150.58682
309.5,150.30804
309.6,150.02989
309.7,149.75237
309.8,149.47543
309.9,149.19914
310.0,148.92345
310.1,148.64836
310.2,148.3739
310.3,148.10004
310.4,147.82678
310.5,147.55414
310.6,147.2821
310.7,147.01067
310.8,146.73982
310.9,146.46959
311.0,146.19997
311.1,145.93092
311.2,145.66249
311.3,145.39465
311.4,145.12741
311.5,144.86075
311.6,144.5947
311.7,144.32922
311.8,144.06433
311.9,143.80005
312.0,143.53633
312.1,143.27321
312.2,143.01068
312.3,142.74872
312.4,142.48735
312.5,142.22656
312.6,141.96634
312.7,141.70671
312.8,141.44765
312.9,141.18916
313.0,140.93124
313.1,140.6739
313.2,140.41714
313.3,140.16095
313.4,139.90532
313.5,139.65025
313.6,139.39575
313.7,139.14183
313.8,138.88846
313.9,138.63565
314.0,138.3834
314.1,138.13173
314.2,137.8806
314.3,137.63004
314.4,137.38002
314.5,137.13057
314.6,136.88167
314.7,136.63332
314.8,136.38551
314.9,136.13828
315.0,135.89157
315.1,135.64542
315.2,135.39981
315.3,135.15475
315.4,134.91023
315.5,134.66626
315.6,134.42284
315.7,134.17993
315.8,133.93759
315.9,133.69577
316.0,133.4545
316.1,133.21375
316.2,132.97354
316.3,132.73387
316.4,132.49472
316.5,132.25612
316.6,132.01804
316.7,131.78047
316.8,131.54344
316.9,131.30695
317.0,131.07097
317.1,130.83553
317.2,130.60059
317.3,130.36618
317.4,130.1323
317.5,129.89893
317.6,129.66608
317.7,129.43375
317.8,129.20193
317.9,128.97063
318.0,128.73984
318.1,128.50957
318.2,128.2798
318.3,128.05054
318.4,127.82179
318.5,127.59355
318.6,127.36582
318.7,127.138596
318.8,126.91187
318.9,126.68565
319.0,126.45994
319.1,126.23472
319.2,126.01
319.3,125.78578
319.4,125.562065
319.5,125.338844
319.6,125.11611
319.7,124.89388
319.8,124.67214
319.9,124.45089
320.0,124.23013
320.1,124.00987
320.2,123.79009
320.3,123.5708
320.4,123.352
320.5,123.13368
320.6,122.91585
320.7,122.6985
320.8,122.481636
320.9,122.26525
321.0,122.04935
321.1,121.833916
321.2,121.61897
321.3,121.4045
321.4,121.190506
321.5,120.97698
321.6,120.76394
321.7,120.55137
321.8,120.339264
321.9,120.12764
322.0,119.91648
322.1,119.70579
322.2,119.49556
322.3,119.285805
322.4,119.076515
322.5,118.86769
322.6,118.659325
322.7,118.45142
322.8,118.24398
322.9,118.037
323.0,117.83048
323.1,117.62443
323.2,117.41882
323.3,117.21368
323.4,117.00898
323.5,116.80475
323.6,116.60096
323.7,116.39763
323.8,116.19475
323.9,115.99232
324.0,115.79034
324.1,115.588806
324.2,115.38772
324.3,115.18708
324.4,114.98689
324.5,114.78714
324.6,114.58784
324.7,114.38897
324.8,114.19055
324.9,113.99257
325.0,113.79503
325.1,113.59792
325.2,113.40126
325.3,113.20503
325.4,113.00924
325.5,112.81388
325.6,112.61895
325.7,112.42446
325.8,112.2304
325.9,112.036766
326.0,111.84357
326.1,111.650795
326.2,111.45845
326.3,111.26653
326.4,111.07504
326.5,110.88398
326.6,110.69334
326.7,110.50312
326.8,110.313324
326.9,110.12395
327.0,109.935
327.1,109.74646
327.2,109.55834
327.3,109.37064
327.4,109.183365
327.5,108.9965
327.6,108.81004
327.7,108.62401
327.8,108.438385
327.9,108.253174
328.0,108.06837
328.1,107.88398
328.2,107.7
328.3,107.51642
328.4,107.33325
328.5,107.1505
328.6,106.96814
328.7,106.786194
